split,model,threshold,accuracy,precision,recall,f1_score,roc_auc,confusion_matrix.tn,confusion_matrix.fp,confusion_matrix.fn,confusion_matrix.tp
validation,logistic_regression_balanced,0.3976182089271162,0.7974293059125964,0.7341977309562399,0.9320987654320988,0.8213961922030825,0.8518634827587666,645,328,66,906
test,logistic_regression_balanced,0.3976182089271162,0.6585127201565558,0.10966057441253264,0.84,0.19399538106235567,0.8406584362139917,631,341,8,42
