{
  "class_distribution": {
    "treino": {
      "0": 2917,
      "1": 149
    },
    "validacao": {
      "0": 972,
      "1": 50
    },
    "teste": {
      "0": 972,
      "1": 50
    }
  },
  "model": "logistic_regression_balanced",
  "validation": {
    "threshold": 0.5814661347945678,
    "accuracy": 0.7896281800391389,
    "precision": 0.15767634854771784,
    "recall": 0.76,
    "f1_score": 0.2611683848797251,
    "roc_auc": 0.8374279835390946,
    "confusion_matrix": {
      "tn": 769,
      "fp": 203,
      "fn": 12,
      "tp": 38
    }
  },
  "test": {
    "threshold": 0.5814661347945678,
    "accuracy": 0.7935420743639922,
    "precision": 0.16597510373443983,
    "recall": 0.8,
    "f1_score": 0.27491408934707906,
    "roc_auc": 0.843641975308642,
    "confusion_matrix": {
      "tn": 771,
      "fp": 201,
      "fn": 10,
      "tp": 40
    }
  },
  "artifacts": {
    "model": "models/stroke_risk_model.joblib",
    "roc_curve": "reports/roc_curve_test.csv",
    "summary": "reports/metrics_summary.csv",
    "report": "reports/metrics_report.md"
  }
}