{
  "class_distribution": {
    "treino": {
      "0": 2916,
      "1": 2917
    },
    "validacao": {
      "0": 973,
      "1": 972
    },
    "teste": {
      "0": 972,
      "1": 50
    }
  },
  "model": "logistic_regression_balanced",
  "validation": {
    "threshold": 0.3976182089271162,
    "accuracy": 0.7974293059125964,
    "precision": 0.7341977309562399,
    "recall": 0.9320987654320988,
    "f1_score": 0.8213961922030825,
    "roc_auc": 0.8518634827587666,
    "confusion_matrix": {
      "tn": 645,
      "fp": 328,
      "fn": 66,
      "tp": 906
    }
  },
  "test": {
    "threshold": 0.3976182089271162,
    "accuracy": 0.6585127201565558,
    "precision": 0.10966057441253264,
    "recall": 0.84,
    "f1_score": 0.19399538106235567,
    "roc_auc": 0.8406584362139917,
    "confusion_matrix": {
      "tn": 631,
      "fp": 341,
      "fn": 8,
      "tp": 42
    }
  },
  "artifacts": {
    "model": "models/stroke_risk_model.joblib",
    "roc_curve": "reports/roc_curve_test.csv",
    "summary": "reports/metrics_summary.csv",
    "report": "reports/metrics_report.md"
  }
}